<application>
  <component name="GeneralSettings">
    <option name="confirmExit" value="false" />
    <option name="showTipsOnStartup" value="false" />
  </component>
  <component name="Registry">
    <entry key="dumb.aware.run.configurations" value="true" />
    <entry key="actionSystem.honor.modal.context" value="true" />
    <entry key="focus.fix.lost.cursor" value="true" />
    <entry key="focus.follows.mouse.workarounds" value="true" />
    <entry key="ide.mac.allowDarkWindowDecorations" value="true" />
    <entry key="bigger.font.in.project.view" value="true" />
    <entry key="ide.balloon.shadow.size" value="0" />
    <entry key="ide.settings.move.mouse.on.default.button" value="true" />
  </component>
</application>