<application>
  <component name="ProjectManager">
    <defaultProject>
      <component name="FileColors">
        <fileColor scope="Non-Project Files (Material Default)" color="2E3C43" />
        <fileColor scope="Non-Project Files (Material Darker)" color="323232" />
        <fileColor scope="Non-Project Files (Material Lighter)" color="eae8e8" />
        <fileColor scope="Non-Project Files (Material Palenight)" color="2f2e43" />
        <fileColor scope="Non-Project Files (Material Oceanic)" color="2E3C43" />
      </component>
      <component name="InspectionProjectProfileManager">
        <option name="PROJECT_PROFILE" />
        <version value="1.0" />
      </component>
      <component name="PhpWorkspaceProjectConfiguration" backward_compatibility_performed="true" />
      <component name="PropertiesComponent">
        <property name="nodejs_interpreter_path.stuck_in_default_project" value="undefined stuck path" />
        <property name="settings.editor.selected.configurable" value="preferences.fileTypes" />
      </component>
    </defaultProject>
  </component>
</application>