<keymap version="1" name="Default copy" parent="Default for XWin">
  <action id="AceAction" />
  <action id="Base64HelperPopup" />
  <action id="CloseContent">
    <keyboard-shortcut first-keystroke="ctrl f4" />
    <keyboard-shortcut first-keystroke="ctrl w" />
  </action>
  <action id="EditorSelectWord" />
  <action id="GotoTest" />
  <action id="Images.ShowThumbnails" />
  <action id="Refactorings.QuickListPopupAction">
    <keyboard-shortcut first-keystroke="shift ctrl alt t" />
    <keyboard-shortcut first-keystroke="shift ctrl t" />
  </action>
  <action id="ReformatCode">
    <keyboard-shortcut first-keystroke="ctrl alt l" />
    <keyboard-shortcut first-keystroke="ctrl alt 6" />
  </action>
  <action id="SearchEverywhere">
    <keyboard-shortcut first-keystroke="ctrl semicolon" />
  </action>
  <action id="SwitchCoverage" />
  <action id="ToggleMainMenuAction">
    <keyboard-shortcut first-keystroke="windows" second-keystroke="f" />
  </action>
</keymap>